product_id,image_file_name,text,true_labels,pred_labels,top5_probs
190909,295152_19955792_1.jpg,Nexus 5X LG Google グーグル nexus5x docomo ドコモ 手帳型 スマホ カバー カバー レザー ケース 手帳タイプ フリップ ダイアリー 二つ折り 革 アジアン　模様　緑 010094 商品特徴 ・シームレスな全面デザイン（内側は落ち着いたオフホワイト） ・外側は高品質の人工革を使用 ・内側にはスマホを装着するケースが付属 ・機種専用のカメラホール仕様でケースを装着したままの撮影が可能 ・ワンセグや動画の視聴に便利な横置きスタンド機能 ・ICカードなどを2枚まで収納できるカードスロット付き ・マグネットフリップで開け閉めカンタン 注意事項 商品画像はサンプルイメージですので、ご覧の環境によっては多少色味に違いを感じる場合がございます。 イメージと違った、モニターと色味が異なるという理由での交換や返金はご対応出来かねます。 カバーのみの販売で本体は付属しません。 ケース装着のまま充電可能ですが、卓上ホルダでの充電は仕様上対象外となります。また、充電ケーブルの差し込み口の位置によっては外側カバーを開く必要があります。 こちらは無地のレザーにデザインをプリントした商品で、デコなどの加工はございません。 凹凸や光沢があるように見えたり布地や金属を素材にしたように見える商品もありますが、デザインの図版によるものです。 撮影時にカバーが映り込む恐れがあるため、カメラ用の穴は若干大きめに開けています。 カメラ穴の位置にわずかなズレが生じる場合がございます。 また印刷時に微妙な画像のズレが生じる場合がございます。 ご注文後に1点1点制作する受注生産品のため、不良品以外のご返品や交換は固くお断り致します。 機種の選択間違いも保証対象外となりますため、ご注文の際は必ず機種をご確認下さい。 発送について 完全受注生産のハンドメイド商品となりますので、既製品と比べて発送までお時間を頂いています。 基本的に決済確認後、通常で3営業日程度、最大で10営業日程度での発送となります。繁忙期や休業日明けの場合はさらに時間がかかる場合があります。 その際には別途メールにてご連絡致します。 メール便の場合、発送日から到着までに2−4日ほどかかる場合が多く、紛失などの保障もご対応できかねます。あらかじめご了承下さい。,Pink,"Blue, Green, Pink","{""Pink"": 0.8187368512153625, ""Blue"": 0.6178585886955261, ""Green"": 0.5304797887802124, ""Yellow"": 0.34953272342681885, ""Multiple Colors"": 0.2436424344778061}"
190910,235769_10032541_1.jpg,"b系 ヒップホップ ストリート系 ファッション メンズ レディース キャップ 【75053】フォーティーオンス 40OZ 40オンス キャップ スナップバック Fサイズ 男女兼用 正規品 ≫ 40OZ(フォーティーオンス) のアイテムを全部見る≪▼世界一をとったアーティストが手掛ける CLUBNO1Z(クラブノイズ)▼▼人気LAスタイルストリート系ブランドACEFLAG(エースフラッグ)▼▼世界的人気を誇るストリート系ブランドROCAWEARM&reg;(ロカウェア)▼▼エイサップ・ロッキー等も着用する話題のDOPE&reg;(ドープ)▼▼HIPHOP業界の重鎮が仕掛けるPLAY CLOTHS&reg;(プレイクローズ)▼▼カリスマダンサーKYOKOが手掛けるBRING BRING(ブリンブリン)▼▼人気デニム＆ストリート系ブランドWEEKINDENIM&reg;(ウィーキンデニム)▼「大満足の価格で」「プロダンサー公認」の踊りやすい商品多数！▼世界一を取ったプロダンサー手掛ける本格DANCE＆ストリートウェア▼[楽天市場]本格派大人のB系(R)XL店★略して「本B」★B系,ストリート系,通販,バギー,太め,大きいサイズ,XL【あす楽_土曜営業】【あす楽_平日営業】本格派大人のB系(R)XL店★略して「本B」★トップページ(あす楽対応_ B系 ヒップホップ HIPHOPメンズ レディース ファッション 正規代理店 本格派 大人 ダンス練習着 ダンス衣装 ダンス 本格ダンスウェア Bボーイファッション カジュアルウェア ストリートウェア ヒップホップウェア ダンスチーム イベント クラブ 団体注文対応 ストリート系 海外セレクトブランド)メーカー希望小売価格はメーカーカタログに基づいて掲載しています",Black,Black,"{""Black"": 0.9553191661834717, ""Grey"": 0.47183164954185486, ""White"": 0.4445647597312927, ""Multiple Colors"": 0.3647775650024414, ""Navy"": 0.2735744118690491}"
190911,206980_10665361_1.jpg,東リ オーダーカーテン フフル TKF10060 カジュアル カーテン フラット縫製 幅127〜271cm×丈161〜180cm 東リ オーダーカーテン fuful （フフル） 個性的で変化のあるチェックのデザイン。エキゾチックな雰囲気が魅力です。・カジュアル カーテン、・東リ オーダーカーテン、・フラット縫製、・機能：ウォッシャブル、防炎（防炎ラベルが必要な場合はご注文時にご指示ください）、・組成：ポリエステル100％、・生地巾150cm、・リピート/タテ 25.8 cm ヨコ 25.0 cm （TKF10060）,"Beige, Grey, White","Beige, Blue, Brown, Grey, White","{""Beige"": 0.9787126779556274, ""White"": 0.9693241715431213, ""Grey"": 0.9664104580879211, ""Brown"": 0.5660185217857361, ""Blue"": 0.5052488446235657}"
190912,243327_10009499_1.jpg,"ホワイト 鏡面 ツヤ 光沢 ダイニングテーブルセット ダイニングテーブル ダイニングチェア 7点セット 6人掛け ダイニング7点セット 幅165cm 165幅 テーブル 椅子 チェア ハイバック 座面 PVC 北欧 モダン シンプル おしゃれ 食卓テーブルセット 木製 送料無料 メーカー希望小売価格はメーカーサイトに基づいて掲載しています 全国送料無料 (但し、北海道・東北地方・沖縄・離島は別途送料が必要です) 別途　東北地方：￥6,000　北海道：￥9,000 別途送料はご注文確認後加算した金額に訂正させていただきます。■北海道と東北地方へのお届けには、10日以上お時間を頂く場合もございます。 （沖縄及び離島の運賃は、お見積もりとなりますのでお問い合わせ下さい。）■発送後のお客様都合のキャンセル（玄関やお部屋に搬入出来ない場合・カラーや商品内容変更など）やお届け先変更につきましては別途　転送料・送料がかかります。 材質 テーブル：MDF エナメル塗装仕上げ チェアー：ラバーウッド無垢材座面：PVC(合皮レザー) サイズ テーブル：幅165×奥行80×高さ70cm チェアー：幅43×奥行59×高さ95(座面高さ42)cm 色 ホワイト 特徴 輸入品 テーブル：お客様組立て チェアー：完成品 ◆配達はすべて宅配便（一人）で玄関渡しとなります。 大型商品や重量のある商品、エレベ−タ−の無い2F以上のお客様は玄関まで運ぶのをお手伝いをお願いしています事をご了承下さい。 ◆大型商品はドライバー1人では荷降ろしができませんので必ず力のある方のお手伝いをお願いいたします。 鏡面ダイニング3点テーブル80cm 正方形 鏡面ダイニング5点テーブル 135cm 鏡面ダイニング7点テーブル 165cm 鏡面ダイニング9点テーブル 210cm",White,White,"{""White"": 0.9996079802513123, ""Beige"": 0.4234579801559448, ""Brown"": 0.10970578342676163, ""Multiple Colors"": 0.05665242671966553, ""Blue"": 0.02931223064661026}"
190913,357269_10001147_1.jpg,スノーボード 板 レディース 2点 セット スノボー ビンディング SPOON スプーン STORY 初心者 イージー キャンバー ボード 軽量 大人 カワイイ ソフトフレックス ◆ SPOON スプーン レディース スノボ 板 バイン 2点 セット STORY ハイブリッド Wロッカー ボード◆ スノーボード / ビンディングの2点セット。 SPOONらしいCOOLでお洒落な女性向きスノーボードのセット！ ★ボード (STORY -HYBRID W-ROCKER/TWIN-) グラトリやパウダーにもおすすめのマルチなライディングを可能にしてくれるWロッカー♪ キャンバーとロッカーを融合させた形状は回転性もよくトリックも仕掛けやすい！ ターンの切り返しが楽でボードの操作性も◎、幅広く楽しめるオールラウンド対応モデル！ ★バインディング (SR-610 / MID FLEX) 扱いやすい柔らかストラップ、軽さが人気の初中級者向けエントリーモデル♪ 検) ニューモデル 白 ホワイト ピンク 135 138 139 140 141 142 143 144 145 146 147 cm カービング ハイブリット ハイブリッド ダブルキャンバー 3点セット 2018 2019 18-19 フリースタイル 軽い グランドトリック ジャンプ キッカー,"Beige, Blue, Grey, Multiple Colors, White","Blue, Green, Grey, Multiple Colors, Pink, Purple, Red, White, Yellow","{""White"": 0.8080672025680542, ""Blue"": 0.7969253659248352, ""Red"": 0.7341195344924927, ""Pink"": 0.6984323263168335, ""Multiple Colors"": 0.672331690788269}"
190914,305809_10781726_1.jpg,送料無料 ディスプレイラック 6BOX 扉付き cd dvd 雑誌 が ディスプレイ 可能な ラック オープンラック フラップ 本棚 雑誌 マガジン 本 ラック 棚 幅 60 高さ90 木製 おしゃれ fr-048 ■商品説明 6種類のボックスを自在に組み合わせてオリジナルの壁面収納をつくれる6BOXシリーズ。リビングに最適。前面のフラップ扉には雑誌がディスプレイできます。扉内には雑誌のバックナンバー等収納して。オープン部融合タイプなので、用途はさまざまです。■本体サイズ[外寸]幅60×奥行29(取っ手含む36)×高さ90cm■その他サイズ[内寸]（オープン部）幅27×奥行27.5×高さ41.5cm（扉内）幅27×奥行23.5×高さ41.5(有効36)cm（飾り棚）幅27×奥行2.5×高さ41cm（可動棚）幅27×奥行23×厚み1.8cm(3.2cmピッチ5穴)■材質[本体]プリント紙化粧合板■収納量・耐荷重■備考・可動棚：2枚■生産国ベトナム■組立時間(目安)(大人2人)お客様組立（30分）■キーワードフラップ扉 フラップ書棚 ディスプレイ収納 ディスプレイ本棚 ディスプレイ書棚 ディスプレーラック フラップ式本棚 フラップ式書棚 フラップ ディスプレイ棚 フラップキャビネット フラップラック cdラック dvdラック ディスプレイシェルフ システムラック 本棚 ディスプレイ 雑誌 ユニット 積み重ね棚 収納 組み合わせ 薄型 おしゃれ インテリア 3段 60cm 幅 一人暮らし 新生活 収納家具 本収納 可愛い シンプル CD DVD リビング収納 マガジンラック 雑誌収納 ホワイト 白 ナチュラル 木目■送料 送料無料 沖縄・離島を含む(一部配送不可地域)のご注文は配達不可のためキャンセルさせて頂きます。,"Beige, White","Beige, Brown, White","{""White"": 0.9840936064720154, ""Brown"": 0.9719924926757812, ""Beige"": 0.9059898257255554, ""Black"": 0.07585817575454712, ""Multiple Colors"": 0.052618950605392456}"
190915,295152_24481442_1.jpg,701SO XPERIA　XZ1 エクスペリア　XZ1 701so softbank ソフトバンク 手帳型 スマホ カバー カバー レザー ケース 手帳タイプ フリップ ダイアリー 二つ折り 革 フラワー 景色　風景　イラスト 002547 商品特徴 ・シームレスな全面デザイン（内側は落ち着いたオフホワイト） ・外側は高品質の人工革を使用 ・内側にはスマホを装着するケースが付属 ・機種専用のカメラホール仕様でケースを装着したままの撮影が可能 ・ワンセグや動画の視聴に便利な横置きスタンド機能 ・ICカードなどを2枚まで収納できるカードスロット付き ・マグネットフリップで開け閉めカンタン 注意事項 商品画像はサンプルイメージですので、ご覧の環境によっては多少色味に違いを感じる場合がございます。 イメージと違った、モニターと色味が異なるという理由での交換や返金はご対応出来かねます。 カバーのみの販売で本体は付属しません。 ケース装着のまま充電可能ですが、卓上ホルダでの充電は仕様上対象外となります。また、充電ケーブルの差し込み口の位置によっては外側カバーを開く必要があります。 こちらは無地のレザーにデザインをプリントした商品で、デコなどの加工はございません。 凹凸や光沢があるように見えたり布地や金属を素材にしたように見える商品もありますが、デザインの図版によるものです。 撮影時にカバーが映り込む恐れがあるため、カメラ用の穴は若干大きめに開けています。 カメラ穴の位置にわずかなズレが生じる場合がございます。 また印刷時に微妙な画像のズレが生じる場合がございます。 ご注文後に1点1点制作する受注生産品のため、不良品以外のご返品や交換は固くお断り致します。 機種の選択間違いも保証対象外となりますため、ご注文の際は必ず機種をご確認下さい。 発送について 完全受注生産のハンドメイド商品となりますので、既製品と比べて発送までお時間を頂いています。 基本的に決済確認後、通常で3営業日程度、最大で10営業日程度での発送となります。繁忙期や休業日明けの場合はさらに時間がかかる場合があります。 その際には別途メールにてご連絡致します。 メール便の場合、発送日から到着までに2−4日ほどかかる場合が多く、紛失などの保障もご対応できかねます。あらかじめご了承下さい。,Green,"Blue, Yellow","{""Yellow"": 0.9728307723999023, ""Blue"": 0.5259775519371033, ""Green"": 0.29421496391296387, ""Orange"": 0.25091278553009033, ""Beige"": 0.05921025574207306}"
190916,322038_10000970_1.jpg,"トレーニングシューズ 3本ベルト ホワイト×ホワイト 25.0cm〜29.0cm,30.0cmPU-800W 素材：人工皮革ソール：ラバーラベル：型押しラベルカラー：ゴールドサイズ：25.0cm〜29.0cm,30.0cmカラー：ホワイト×ホワイトシューズ袋付生産国：中国 この商品はメーカー在庫確認商品です。",White,"Gold, White","{""White"": 0.9773707389831543, ""Gold"": 0.6610482335090637, ""Black"": 0.33111974596977234, ""Silver"": 0.24508501589298248, ""Multiple Colors"": 0.17328819632530212}"
190917,243542_10059604_1.jpg,【新品】ヤコブコーエン JACOB COHEN PW6613 ストレッチコットン ショートパンツ ハーフパンツ ターコイズブルー【H7591】【サイズ30】【BLU】【S/S】【状態ランクN】【メンズ】【10999-957115】【1万円以上送料無料】【171025PD】 コンディション この商品の状態は『　N　』ランクです。 − 「N-」のアウトレット商品、または[S]〜「D」の中古商品は、返品・交換等は一切承っておりません。 商品の状態やサイズ等、ご不明点は事前にご確認の上、ご注文下さいますようお願い致します。 尚、箱や付属品の状態は含まれません。 状態ランクについて N　・・・新品 N- ・・・新品アウトレット／キズ、汚れのある新品 S　・・・未使用・未着用／実際に使用されていない A　・・・美品／数回使用程度、ほとんど使用感がない B　・・・良品／多少の使用感がある中古 C　・・・通常使用に伴う使用感がある中古 D　・・・全体に使用感のある中古、ワケあり ブランド 仕立ての良いテーラードジャケットに合わせるジーンズを作るというコンセプトを持つイタリアン・パンツブランド「JACOB COHEN（ヤコブ・コーエン）」。ジーンズでありながらスラックスの仕様を取り入れハンドメイドで仕立てる、 そのこだわり方と細かい仕様には、目を見張ります。デニム地は世界的にも評価が高い日本から輸入、それをイタリアの工場で仕立てるといった手の込み様です。 商品説明 JACOB COHEN(ヤコブ コーエン)の中でも最もベーシックなデザインとシャープでコンパクトなシルエットを誇るPW6613コットンストレッチショーツです。ストーンウォッシュをかけることで通常の洗いよりもリアルに穿き込んだ風合いとタッチの良さが生まれており、シンプルなショーツではありますが抜群の雰囲気の良さを感じさせる仕上がりになっています。高番手の糸をしっかりと織ったストレッチコットン素材は、生地の凹凸を抑えることでサラッとしたタッチを実現しており、普通の5ポケットショーツとは一味違ったエレガンスを漂わせます。 ◇ 仕様/モデル　・着用シーズン　春夏向き　・PW6613 COMF　・5ポケット　・ボタンフライ　・裾ステッチ仕上げ　・ストレッチ素材　・イタリア製 ◇ 色　ターコイズブルー ◇ 素材　コットン98％　ポリウレタン2％ ◇ 付属品　なし サイズ詳細 ◇ サイズ表記　30 ◇ ウエスト　79cm （平置きにして両端を直線計測した2倍） ◇ ウエスト出可能寸　0cm （ウエスト出しが可能と思われる寸法） ◇ 股上　24cm （股下中央縫い目から前身最上部まで） ◇ 股下　24cm （股下中央縫い目から、裾まで縫い目に沿って計測） ◇ 裾内側余り寸　0cm （裾内側の余り生地寸） ◇ ワタリ　30cm （股下0cm部分の腿幅を直線計測） ◇ 裾幅　22.5cm （裾の両端を直線計測） ◇ W幅　0cm （ダブル仕上げの折り返し幅） 採寸方法における若干の誤差は、ご了承頂きますようお願い致します。 ＞＞サイズガイドはこちらをご覧ください ＞＞試着希望の方はこちらをご覧ください ＞＞ショッピングガイドはこちらをご覧ください,Blue,Blue,"{""Blue"": 0.9985449314117432, ""Multiple Colors"": 0.11757213622331619, ""Navy"": 0.08632347732782364, ""White"": 0.06656918674707413, ""Silver"": 0.06097517907619476}"
190918,268947_10106732_1.jpg,【公式】アディダス adidas adicross サーモハット【ゴルフ】 メンズ ゴルフ アクセサリー 帽子 キャップ U31615 Brand：パフォーマンスSports：ゴルフCategory：アクセサリー【21bj】【color:ブラック】【size:OSFA】 アディダス公式ショップお誕生日プレゼントなど、ギフト対応可能です。アウトドアやカジュアルコーデにもおすすめ。2019年05月時点の発売時販売価格よりも値下げしています,Black,Black,"{""Black"": 0.9974491000175476, ""Grey"": 0.2146914303302765, ""Beige"": 0.20055769383907318, ""Multiple Colors"": 0.18713268637657166, ""Navy"": 0.13753245770931244}"
190919,251945_10072314_1.jpg,ケイトスペード 財布 KATE SPADE 財布 BE MINE LACEY ハート ラウンドファスナー長財布 ブラック×レッド ポリウレタン pwru5345-974 さまざまな贈り物・イベントにおすすめです 季節のイベントに お正月 母の日 父の日 敬老の日 クリスマス クリスマスプレゼント クリスマスギフト バレンタイン バレンタインデー ホワイトデー ホワイトデイ 春夏 秋冬 ギフト プレゼント GIFT お祝い事に 合格祝い 進学祝い 成人式 成人祝い 卒業 卒業記念 卒業祝い 卒業式 入学 入学祝い 入学式 高校 大学 社会人 就職 就職祝い お祝い 御祝い 結婚祝い ご結婚 御結婚 結婚記念日 出産 出産祝い 誕生日 記念日 記念品 バースデー バースデイ バースディー 還暦 還暦祝い 感謝などのお気持ちに お礼 御礼 お返し 御返し ありがとう おめでとう 喜ばれるポイント 上品 上質 セレブも愛用 流行 オシャレ おしゃれ お洒落 かわいい 可愛い スタイリッシュ 人気 売れ筋 おすすめ ラッピング 新品 様々な方への贈り物に 奥さん 旦那さん お母さん お父さん 姉妹 兄弟 おばあちゃん おじいちゃん 子供 娘 息子 義母 義父 家族 彼女 彼氏 友達 女性 男性,"Black, Red","Black, Red","{""Red"": 0.9905874133110046, ""Black"": 0.6884684562683105, ""Multiple Colors"": 0.4287116527557373, ""White"": 0.2766905128955841, ""Gold"": 0.18359363079071045}"
190920,232833_10009800_1.jpg,-【セール 10％OFF】【NEWERA ニューエラ NEW ERA】 tシャツ 半袖 メンズ men's 国内正規品 インポート ブランド 海外ブランド 12325164/12325166 NEWERA/ニューエラ/NEW ERA/tシャツ/半袖/ ※メーカー希望小売価格はメーカー商品タグに基づいて掲載しています [年中無休] [15時までは即日発送] [1万円以上のご注文で送料無料] インポートセレクトショップ/アメカジ/ストリート/海外ブランド/通販【エムズジーンズ/m's jeans】 トップページへ戻る,"Black, White","Beige, Black, Blue, Green, Grey, Khaki, Navy, White, Yellow","{""Black"": 0.8872045874595642, ""White"": 0.7772998809814453, ""Yellow"": 0.7272012233734131, ""Navy"": 0.6867902874946594, ""Green"": 0.6388352513313293}"
190921,240859_10250935_1.jpg,marimekko マリメッコ 069909 185 レディース ポットホルダー PIENI UNIKKO POT HOLDER OFF WHITE 185 鍋敷きとしてはもちろん、鍋つかみとしても使えるポットホルダーです。フックに掛けれるループ付き。ケシの花をモチーフにしたUnikko(ウニッコ)柄。marimekko(マリメッコ)型番069909 185素材本体:コットン中わた:ポリエステルサイズ本体：(約)縦21×横21cm重量：(約)37gその他詳細-付属品-JAN【画像について】画像と実物では、ご使用のブラウザ、モニター解像度により多少色具合が異なって見える場合もございますが、予めご了承ください。型番/JANコード等で検索していただきご自身の判断でご購入ください。イメージ違いなどによる返品は一切お受けできません。【電池について】商品代金に電池代金は含まれておりません。 ※商品に内蔵されている電池は試用電池の為残量が少ない場合がありますのでご了承下さい。【ベルト調整540円(税込)で承ります！】ご注文時に、ご希望の長さを記載して頂ければ540円(税込)にてベルト調節を承らせていただきます。 ※革・ラバーベルト、その他特殊なモデルについては調節を承れませんので、予めご了承くださいませ。 【在庫切れの場合について】店の掲載商品は他店でも販売を行っているため、ご注文のタイミングによっては、商品が在庫切れとなる場合がございます。商品管理については十分配慮しておりますが、何卒ご理解いただけますようお願い致します。※トラブル防止の為「ご注文確認メール」が送信されるまで、お振込みをお待ち下さい。商品は厳密なチェックの下、心をこめてお届けいたします。,Grey,"Beige, Khaki, White","{""Beige"": 0.9241418242454529, ""White"": 0.7217432260513306, ""Khaki"": 0.5100083947181702, ""Multiple Colors"": 0.44794324040412903, ""Grey"": 0.4139508903026581}"
190922,340762_10006710_1.jpg,デザインマット ヨーロピアン風 ゴブラン織り エレガント 細長 (ネイビー) ヨーロピアン風のデザインが素敵な細長タイプマットです。見本画像のように階段用に使われると大変ゴージャスでエレガントな雰囲気になりますね。上り口の小さめな場所や、またお店用などにもいかがでしょうか。ポリエステル製サイズ 約26×75cm裏面滑り止め加工,Navy,"Beige, Blue, Navy, Red","{""Navy"": 0.9511421918869019, ""Red"": 0.6029970645904541, ""Blue"": 0.5115945935249329, ""Beige"": 0.5079949498176575, ""Brown"": 0.4016878008842468}"
190923,313715_10189566_1.jpg,ピーエフバイパオラフラーニ PF BY PAOLA FRANI ワンピース 半袖 ウール 黒 ネイビー 青 【レディース】【中古】【送料無料】 None,"Black, Blue, Navy","Black, Blue","{""Blue"": 0.957277774810791, ""Black"": 0.8006919622421265, ""Navy"": 0.3065270483493805, ""Multiple Colors"": 0.2958398759365082, ""White"": 0.06754669547080994}"
190924,348421_10038666_1.jpg,◆HANAE MORI ハナエモリ 2WAYチェーンショルダーバッグ◆ black /黒/ブラック/クラッチバッグ/リボン金具/レザー/レディース/鞄【中古】 状態ランクについて 商品について ブランド名 HANAE MORI 実寸サイズ(約/cm) 縦16　横23.3　ショルダー最長94 　 ※弊社が採寸したサイズになりますので、ご参考程度にお考え下さい。 状態説明 【外側】スレ・シワあり(画像参照)【内側】スレ・汚れあり【持ち手】- 色・デザイン ブラック系 ※色は主観で判断しておりますので、目安程度にお考え下さい。 付属品 ・箱 ＊本来付属の物でも記載がなく、画像に写っていない物は付属致しませんので、画像からご確認下さい。 備考 - ※注意事項※必ずお読み下さい ・弊社では実店舗との併用販売を行っております。該当店舗から商品をお取り寄せ後の発送手配となりますので、通常発送まで3〜4日程度お時間を頂きます。場合によりましては、それ以上のお日にちを頂くケースもございますので、予めご了承下さい。 以上の内容をご確認の上、購入をご検討頂きます様お願い申しあげます。 管理番号 240002077387,"Black, Gold",Black,"{""Black"": 0.999868631362915, ""Multiple Colors"": 0.06754669547080994, ""Gold"": 0.05108273774385452, ""White"": 0.026759283617138863, ""Beige"": 0.01640303246676922}"
190925,295152_26414332_1.jpg,iphone8 iphone 8 アイフォーン softbank ソフトバンク スマホ カバー スマホケース スマホカバー PC ハードケース 005192 宝石　クリスタル　シンプル 注意事項素材ケースの入荷時期により、商品写真とは一部カメラ・ボタン穴などの形状が異なるケースを使用する場合があります。また、一部機種のTPU商品は素材強度の関係でケースの上からボタン等を操作するタイプとなりますが操作に影響はありません。側面への印刷はありません。また、機種によっては角の丸みにより印刷されない範囲が生じます。商品画像はサンプルイメージですので、ご覧の環境によっては多少色味に違いを感じる場合があります。イメージと違った、モニターと色味が異なるという理由での交換は対応出来かねます。カバーのみの販売で本体は付属しません。ケーブルを直接挿しての充電はケース装着のままで可能ですが、卓上ホルダを使用しての充電は仕様上対象外となります。ケースの穴の位置にわずかなズレが生じる場合がございます。また印刷時に微妙な画像のズレが生じる場合がございます。こちらの商品はプリント商品で、デコなどではありません。画像では凹凸や光沢があるように見える商品もありますがデザインの図版によるもので、実際はマットな質感になります。ご注文後に1点1点制作する受注生産品のため、不良品以外のご返品や交換は固くお断り致します。機種の選択間違いも保証対象外となりますため、ご注文の際は必ず機種をご確認下さい。発送について基本的に決済確認後、7営業日前後の発送となります。繁忙期や休業日明けの場合はさらに時間がかかる場合があります。その場合は別途メールにてご連絡致します。メール便の場合、到着までに2−4日ほどかかる場合が多く、紛失などの保障もご対応できかねますのでご了承の上お選び下さい。,Grey,Blue,"{""Blue"": 0.7634837031364441, ""Silver"": 0.429668664932251, ""Transparent"": 0.3830641508102417, ""Grey"": 0.29421496391296387, ""White"": 0.2240554392337799}"
190926,303611_10007021_1.jpg,【スーパーセール特価！】【送料無料】デスク シンプルデスク　ポロ　幅120 2点セット すっきり 配線 収納 PCデスク パソコンデスク キャスター 幅120 シンプル ワークデスク 書斎机 書斎デスク 簡易机 簡易デスク 勉強机 学習机 sp10 ポロ　デスク120セット サイズ 外寸-本体:幅120×奥行50×高さ72.5cm ■お届けサイズ（2梱包） ・53×24×126cm（25kg） ・43×43×64cm（21kg） 材質 正面材：突板 側面材：プリント化粧合板 正面加工：ウレタン塗装 側面加工：フラッシュ 商品説明 ・デスク・ワゴンには木目が美しく落ち着きのあるブラウン色の突板。 ・タップ収納付きで、足元のぐちゃぐちゃ配線もスッキリ。 ・ワゴンにはキャスターが付属しておりますので移動がラクラクです。 ・2口コンセント付き ・【輸入品】【組み立て品・約10分】 送料送料無料サービス！ こちらの商品は玄関先での引き渡しとなります。 北海道・東北・沖縄・離島・一部地域は別途送料お見積もりとなります。 ※商品のお届けは原則として配達員1名による玄関渡しとなります。 大型家具をお届け致します場合は、配達員からお手伝いの要請がある場合がございます 商品破損を防ぐ為にも、お客様にお手伝いをお願いしております事を予めご了承ください。 又、梱包材のお引き取りは出来かねますのでご了承下さい。,Brown,"Beige, Brown, White","{""Brown"": 0.9805806875228882, ""Beige"": 0.9273632764816284, ""White"": 0.8459424376487732, ""Yellow"": 0.12421301752328873, ""Khaki"": 0.08882029354572296}"
190927,295152_25136508_1.jpg,SO-05K Xperia XZ2 Compact エクスペリア エックスゼットツー コンパクト so05k docomo ドコモ 手帳型 スマホ カバー レザー ケース 手帳タイプ フリップ ダイアリー 二つ折り 革 005223 緑 植物 イラスト &nbsp;商品特徴・シームレスな全面デザイン・外側は高品質の人工革を使用・内側にはスマホを装着するケースが付属・機種専用のカメラホール仕様でケースを装着したままの撮影が可能・ワンセグや動画の視聴に便利な横置きスタンド機能・ICカードなどを2枚まで収納できるカードスロット付き・マグネットフリップで開け閉めカンタン注意事項商品画像はサンプルイメージですので、ご覧の環境によっては多少色味に違いを感じる場合がございます。イメージと違った、モニターと色味が異なるという理由での交換や返金はご対応出来かねます。カバーのみの販売で本体は付属しません。ケース装着のまま充電可能ですが、卓上ホルダでの充電は仕様上対象外となります。また、充電ケーブルの差し込み口の位置によっては外側カバーを開く必要があります。こちらは無地のレザーにデザインをプリントした商品で、デコなどの加工はございません。凹凸や光沢があるように見えたり布地や金属を素材にしたように見える商品もありますが、デザインの図版によるものです。撮影時にカバーが映り込む恐れがあるため、カメラ用の穴は若干大きめに開けています。カメラ穴の位置にわずかなズレが生じる場合がございます。また印刷時に微妙な画像のズレが生じる場合がございます。ご注文後に1点1点制作する受注生産品のため、不良品以外のご返品や交換は固くお断り致します。機種の選択間違いも保証対象外となりますため、ご注文の際は必ず機種をご確認下さい。発送について完全受注生産のハンドメイド商品となりますので、既製品と比べて発送までお時間を頂いています。基本的に決済確認後、最大で2週間程度での発送となります。繁忙期や休業日明けの場合はさらに時間がかかる場合があります。その際には別途メールにてご連絡致します。メール便の場合、発送日から到着までに2−4日ほどかかる場合が多く、紛失などの保障もご対応できかねます。あらかじめご了承下さい。,Green,Blue,"{""Blue"": 0.9911527037620544, ""Green"": 0.4484262764453888, ""Pink"": 0.14128141105175018, ""Orange"": 0.13660839200019836, ""Navy"": 0.11920291930437088}"
190928,316927_10004843_1.gif,LAGUNAMOON(ラグナムーン) メガネ LM1036 col.3 49mm フレームサイズ ： フロント125mm　テンプル140mm レンズサイズ ： 高さ39mm　幅49mm レンズ ： DEMOレンズ　※DEMOレンズのままではご使用いただけません ※専用ケースは付いていませんので当社オリジナルケースをお付けします。 ※こちらの商品は複数店舗で販売しているため、万が一在庫切れの場合はご了承ください。また、フレームに装着されているレンズはアクリル製デモレンズのため、お度数が必要ない方もこのままではご使用いただけません。 お度数の要、不要にかかわらず、必ず、別途レンズを入れてご使用下さい。,Brown,"Black, Grey, Silver","{""Black"": 0.8175744414329529, ""Grey"": 0.6575384140014648, ""Silver"": 0.6141626238822937, ""Brown"": 0.40262696146965027, ""Gold"": 0.3593641221523285}"
190929,350243_10004008_1.jpg,【中古】スタニングルアー STUNNING LURE ミンクストール 毛皮 ミンク 秋冬|秋 冬 レディース あったか 暖かい あたたかい 小顔 顔写り コンパクト ちくちくしない キレイめ アクセント コーデ 軽い 明るい色 差し色 若い 落ち着いた 商 品 説 明【ブランド】STUNNING LURE【サイズ】-【サイズ詳細】44cm×194cm（フリンジ12cm×2込み）【カラー】ベージュ　ブラウン系【素材】ミンク　地のネットはコットン100％【ランク】B【コメント】ミンクを贅沢に使用した毛皮のストールです。使用感なく綺麗なお品ですが、長期保管品の為、保管時の匂いがありますことご了承ください。【参考定価】-商品写真はできる限り実物の色に近づけるよう加工しておりますが、お客様のお使いのモニター設定、お部屋の照明等により実際の商品と色味が異なる場合がございます。,Beige,"Beige, Brown, Grey","{""Beige"": 0.9783847332000732, ""Brown"": 0.9603611826896667, ""Grey"": 0.6388352513313293, ""Navy"": 0.333720326423645, ""White"": 0.31742626428604126}"
190930,295152_21490286_1.jpg,SO-04H Xperia X Performance エクスペリア X パフォーマンス so04h docomo ドコモ 手帳型 スマホ レザー ケース 手帳タイプ フリップ ダイアリー 二つ折り 革 フラワー 花 フラワー 赤 レッド 007844 商品特徴 ・シームレスな全面デザイン（内側は落ち着いたオフホワイト） ・外側は高品質の人工革を使用 ・内側にはスマホを装着するケースが付属 ・機種専用のカメラホール仕様でケースを装着したままの撮影が可能 ・ワンセグや動画の視聴に便利な横置きスタンド機能 ・ICカードなどを2枚まで収納できるカードスロット付き ・マグネットフリップで開け閉めカンタン 注意事項 商品画像はサンプルイメージですので、ご覧の環境によっては多少色味に違いを感じる場合がございます。 イメージと違った、モニターと色味が異なるという理由での交換や返金はご対応出来かねます。 カバーのみの販売で本体は付属しません。 ケース装着のまま充電可能ですが、卓上ホルダでの充電は仕様上対象外となります。また、充電ケーブルの差し込み口の位置によっては外側カバーを開く必要があります。 こちらは無地のレザーにデザインをプリントした商品で、デコなどの加工はございません。 凹凸や光沢があるように見えたり布地や金属を素材にしたように見える商品もありますが、デザインの図版によるものです。 撮影時にカバーが映り込む恐れがあるため、カメラ用の穴は若干大きめに開けています。 カメラ穴の位置にわずかなズレが生じる場合がございます。 また印刷時に微妙な画像のズレが生じる場合がございます。 ご注文後に1点1点制作する受注生産品のため、不良品以外のご返品や交換は固くお断り致します。 機種の選択間違いも保証対象外となりますため、ご注文の際は必ず機種をご確認下さい。 発送について 完全受注生産のハンドメイド商品となりますので、既製品と比べて発送までお時間を頂いています。 基本的に決済確認後、通常で3営業日程度、最大で10営業日程度での発送となります。繁忙期や休業日明けの場合はさらに時間がかかる場合があります。 その際には別途メールにてご連絡致します。 メール便の場合、発送日から到着までに2−4日ほどかかる場合が多く、紛失などの保障もご対応できかねます。あらかじめご了承下さい。,Pink,Red,"{""Red"": 0.9994115829467773, ""Pink"": 0.26740819215774536, ""Beige"": 0.024053551256656647, ""Orange"": 0.014503579586744308, ""Brown"": 0.011687257327139378}"
190931,311024_10007711_1.jpg,"OFF-WHITE スニーカー ARROW LOW VULCANIZED OWIA178E19D681051001 BLACK WHITE オフホワイト シューズ レディース LADYS ウーマン WOMEN ローカット 秋冬 ロゴ offwhite off-white ホワイトデー OFF WHITE 19-20AW 人気のオフホワイトのスニーカー。レディースサイズ。 ソールのストライプとオレンジのタグがポイント。サイドにはクロスアローロゴが縫い付けてあります。 柔らかなレザー仕立てで上品なツヤ感。アウトソールの内側にオレンジのパッチが付いておりビビットなカラーが遊び心溢れるデザイン。 シューレースもオリジナルでオフホワイトらしく「""SHOELACES""」の文字入り。 専用の保管袋とBOX付き。プレゼントにもオススメ。 性　　別 WOMEN ブランド OFF WHITE オフホワイト アイテム スニーカー サ イ ズ 35/36/37/38 カ ラ ー BLACKxWHITE/WHITExBLACK 素　　材 牛革、コットン 型　　番 OWIA178E19D68105 管理番号 sewm gelug gestr itssn モニターにより、色の見え方が実際の商品と異なる場合がございます。 当店では、WEBの在庫と店頭の在庫を共有しております。 店頭で商品が売れた場合にはWEBの在庫とずれが生じる場合がございます。 迅速に対応はしておりますが、ご注文頂きました商品の在庫に関しましても 店頭にて完売してしまってご用意出来ない場合もございます。 予めご了承下さい。","Black, White","Black, Orange, Red, White","{""Black"": 0.8633915781974792, ""Orange"": 0.7648916244506836, ""White"": 0.5969031453132629, ""Red"": 0.5067134499549866, ""Multiple Colors"": 0.3259495198726654}"
190932,196523_10022987_1.jpg,EMPIRE & SONS (エンパイア アンド サンズ) S/S COALMINER HENLEY 19 SINGLE RUFFY JERSEY - WHITE ヘンリーネックTシャツ メンズ エンパイアアンドサンズのその他のアイテムはこちら その他トップスはこちら,White,White,"{""White"": 0.9908744096755981, ""Black"": 0.4196479320526123, ""Grey"": 0.3557748794555664, ""Multiple Colors"": 0.2628418207168579, ""Beige"": 0.2465333193540573}"
190933,251032_10004468_1.jpg,シルバー925 フェザー ペンダントトップ ネックレス メンズ mh 羽根 左曲 (イーグル インディアンジュエリー シルバーアクセサリー ネイティブ系 ノーマル) アメリカ先住民族の間では”神と交信する鳥”と言われる霊鳥イーグルのフェザーペンダント！ フェザー（鷹の羽）は自由の象徴とも言われています。 彫金クォリティーが高く、躍動感すら感じるリアルなアクセサリーです♪ 燻し加工によるくっきりとした陰影もポイント！ アンティークな風合いが漂います。 胸元をワイルドに演出するナチュラルネイチャーな一品♪ ■ペンダントの仕様 縦 横：42mm x 12mm 留め金内径：4mm x 3mm 重さ：約4g 材質：シルバー925 --------------- ■お支払い/配送について,Silver,Silver,"{""Silver"": 0.9981324076652527, ""Gold"": 0.4059196412563324, ""Multiple Colors"": 0.23934932053089142, ""White"": 0.14318770170211792, ""Grey"": 0.12085322290658951}"
190934,228014_10044169_1.jpg,"シューズ NIKE SB ナイキエスビー POLER ポーラー × NIKE SB JANOSKI SLIP-ON QS ジャノスキー スリッポン AH6713-400 FF1 A26【返品不可】 【NIKE SB】ナイキエスビーのメンズシューズ。スタイリッシュでアーティスティックなSKATEをする、ステファン・ジャノスキーのシグネイチャーモデル。シンプルなアッパーにバルカナイズドソールを採用したスケートクラシックなデザインのモデルのスリッポン「ZOOM STEFAN JANOSKI SLIP」がラインナップ。低重心ながらクッション性とクイックなレスポンスを発揮するZOOM AIRクッションを搭載しています。普段履きにも履いてもらいたい""FOR DAILY USE""のシューズ。普遍的なストリートスタイルにオススメのアイテム。≪商品詳細≫■素材■【アッパー】天然皮革【ソール】ゴム底 ※モニターの環境によって、実物と画像の色味が多少異なって見える場合がございます。 〜必ずお読みください〜■返品に関しまして■ 本商品は商品につき、返品・交換は御遠慮頂いております。 誠に恐れ入りますが、サイズや色などお確かめの上、ご購入頂きます様宜しくお願い申し上げます。 メーカー希望小売価格はメーカー商品タグに基づいて掲載しています","Black, Blue, Grey","Black, Blue, Grey, Navy","{""Navy"": 0.917302668094635, ""Blue"": 0.7577943801879883, ""Grey"": 0.7138307690620422, ""Black"": 0.6261242032051086, ""White"": 0.42298123240470886}"
190935,245178_15523788_1.jpg,【中古】トゥモローランドコレクション TOMORROWLAND collection スカート ミニ 台形 バイカラー 36 黒 ブラック /AAO23 レディース 【ベクトル 古着】 190107 ブランド古着ベクトルプレミアム店 【中古】トゥモローランドコレクション TOMORROWLAND collection スカート ミニ 台形 バイカラー 36 黒 ブラック /AAO23 レディース 【ベクトル 古着】 190107 ブランド古着ベクトルプレミアム店ブランドトゥモローランドコレクション TOMORROWLAND collection表記サイズ36実寸サイズウエスト：66cm　ヒップ：88cm　スカート丈：50cm　　素材表地 シルク100% 裏地 キュプラ色黒 青 色に関しましては出品者の主観で判断しておりますので、正規カラーなどとは言いまわしが等が異なる場合がございます。仕様バックジップ 光沢感あり状態あまり使用感の感じられない綺麗な商品です。商品のお問い合わせの回答を休止しております。＊各商品ページの商品詳細等をご確認の上ご購入ください。,Black,Black,"{""Black"": 0.999595582485199, ""Blue"": 0.04084571450948715, ""Multiple Colors"": 0.03514484688639641, ""Grey"": 0.0039454069919884205, ""Silver"": 0.0027149852830916643}"
190936,286439_10001598_1.jpg,【韓国子供服】ロングカーディガン INFORMATION商品説明 おしゃれなロングカーディガンです。カラーブラック×ホワイト サイズ5号90cm・7号100cm・9号110cm・11号120cm・13号130cm・15号140cm ギフトラッピング簡易ラッピング1個に対し210円もしくは箱入り350円。どちらかお選びください。 商品の大きさによってはラッピング出来ないものもございます。韓国子供服について韓国より取り寄せた韓国子供服をご提供させていただいております。商品タグが付いてないものもございますので ご了承ください。 海外の子供服はキュートで日本にはないデザインが多く、基本的に日本のブランドに比べますとデザイン重視のため縫製など甘い場合がございます。 全体のイメージを壊さない程度の縫製の甘さ客用に支障がない程度のもはすべて【通常品】として販売しております。 注意事項発送に関しまして、ゆうパケットで対応できるものはご対応させていただきます。 対応できないものに関しましては佐川急便での発送になります、御了承ください。(例：Tシャツ1枚〜2枚程度　ゆうパケット)商品発送後のお客様のご都合による良品商品の返品・交換は一切お受けできませんので御了承願います。配送時における梱包はリサイクル品を使用して簡易化させて頂いております。また商品の配送状態には、常に注意を払って 当店スタッフにより大切梱包をさせて頂いております。 箱の小さな商品等はプチプチを巻いての配送となっておりまして、中身が見える状態となっております。お気に召さないようでしたら 注文時に【中身が見えないように梱包】のご記入をお願い致します。,"Black, White","Black, White","{""White"": 0.9935117363929749, ""Black"": 0.939024806022644, ""Multiple Colors"": 0.2829881012439728, ""Beige"": 0.18126320838928223, ""Grey"": 0.1276526302099228}"
190937,311782_10032383_1.jpg,コーチ 財布・小物その他 レディース COACH f12186 レッド系 財布・小物 ◆商品名COACHコーチcsgr lthr mn id sknyクロスグレイン レザー ミニ ID スキニー◆ブランド説明クラシックからトレンドまで年代層も幅広く使えるNYバッグブランド！coach（コーチ）は1941年、NYのマンハッタンにある、手作りの革製品を扱う小さな工房でスタート。野球グローブからインスピレーションを受けたcoachのハンドバッグは、発売と同時に話題に♪coachの上質なレザーや布地、細部のダブルステッチ、クラシックなのにトレンド感もあるデザインなど、完成度の高いもの作りが世界中の人々から愛されている理由です☆◆商品説明【シンプルデザインに箔押しロゴがワンポイント♪使い方色々マルチケース】・COACH(コーチ)のマルチケース入荷しました。・上質レザーに箔押しロゴがワンポイントになったベーシックなデザイン。・コインケース、キーポーチ、IDケース、カードケース、様々な用途に使える万能アイテム♪・自分用にはもちろん、大切な方へのプレゼントにもぴったりなアイテムです。◆色・レッド系（im/dn8）◆大きさ・縦8 横11 厚み0.5 （cm)◆素材・仕様・レザー・金具：ゴールド・開閉：ジップ・内側：キーリング×1・外側：IDポケット×1 カード入れ×1 オープンポケット×1・付属品：-※海外の商品は日本の感覚とは異なり、たとえ新品でも若干の変色、微かな傷などがある場合もございます。神経質な方はご遠慮くださいませ。,Red,Red,"{""Red"": 0.9992678761482239, ""Burgundy"": 0.14128141105175018, ""Multiple Colors"": 0.08509904146194458, ""Gold"": 0.07807816565036774, ""Beige"": 0.07055959850549698}"
190938,296600_15927972_1.jpg,【中古】スピック&スパン Spick&Span ボトムス ロングパンツ ストレッチ ストレート 無地 ピンク系 38 レディース 【ベクトル 古着】 200413 ベクトル 【中古】スピック&スパン Spick&Span ボトムス ロングパンツ ストレッチ ストレート 無地 ピンク系 38 レディース 【ベクトル 古着】 200413 ベクトルブランドスピック&スパン Spick&Span表記サイズ38実寸サイズウエスト：76cm　もも幅：26.5cm　裾幅：16.5cm　股上：24cm　股下：72.5cm　　素材綿95% ポリウレタン5%色ピンク系 ※色に関しましては出品者の主観で判断しておりますので、正規カラーなどとは言いまわし等が異なる場合がございます。状態AB/USED品になり多少の使用感はございますが、目立つような汚れやダメージは無くまだまだご使用いただけるお品物です。 ※神経質な方はご入札をお控え下さい。 あくまで中古品ですので新品の状態とは異なる商品もございます。 商品は、写真または説明欄に記載のない付属品などは、付いておりませんので宜しくお願い致します。 保管時にお品物にシワが入る場合がございます。 欠品記載は基本的にしておりませんので予めご了承下さい。商品のお問い合わせの回答を休止しております。＊各商品ページの商品詳細等をご確認の上ご購入ください。,Pink,Pink,"{""Pink"": 0.9817357659339905, ""Red"": 0.2658804655075073, ""Blue"": 0.015424552373588085, ""Multiple Colors"": 0.009412589482963085, ""Transparent"": 0.0010005044750869274}"
190939,295152_16714976_1.jpg,SO-03G Xperia Z4 エクスペリア so03g docomo ドコモ スマホ カバー スマホケース スマホカバー PC ハードケース ペイズリー ラブリー 001638 注意事項 素材ケースの入荷時期により、商品写真とは一部カメラ・ボタン穴などの形状が異なるケースを使用する場合があります。また、一部機種のTPU商品は素材強度の関係でケースの上からボタン等を操作するタイプとなりますが操作に影響はありません。 側面への印刷はありません。また、機種によっては角の丸みにより印刷されない範囲が生じます。商品画像はサンプルイメージですので、ご覧の環境によっては多少色味に違いを感じる場合があります。 イメージと違った、モニターと色味が異なるという理由での交換は対応出来かねます。カバーのみの販売で本体は付属しません。ケーブルを直接挿しての充電はケース装着のままで可能ですが、卓上ホルダを使用しての充電は仕様上対象外となります。 ケースの穴の位置にわずかなズレが生じる場合がございます。また印刷時に微妙な画像のズレが生じる場合がございます。こちらの商品はプリント商品で、デコなどではありません。画像では凹凸や光沢があるように見える商品もありますがデザインの図版によるもので、実際はマットな質感になります。 ご注文後に1点1点制作する受注生産品のため、不良品以外のご返品や交換は固くお断り致します。機種の選択間違いも保証対象外となりますため、ご注文の際は必ず機種をご確認下さい。 発送について基本的に決済確認後、7営業日前後の発送となります。繁忙期や休業日明けの場合はさらに時間がかかる場合があります。 その場合は別途メールにてご連絡致します。メール便の場合、到着までに2−4日ほどかかる場合が多く、紛失などの保障もご対応できかねますのでご了承の上お選び下さい。,White,"Beige, Green","{""Green"": 0.8092759251594543, ""Beige"": 0.5566405653953552, ""Khaki"": 0.4330222010612488, ""Blue"": 0.29992473125457764, ""Yellow"": 0.27125170826911926}"
190940,238770_10033621_1.jpg,CHAMPION 【チャンピオン】 バスケットパンツ メンズ メッシュ バスパン B系 ファッション メンズ ヒップホップ ストリート系 ファッション HIPHOP おうちコーデ None,"Black, Grey","Black, Blue, Grey, Navy, White","{""Navy"": 0.9449946880340576, ""White"": 0.894789457321167, ""Blue"": 0.7279754281044006, ""Grey"": 0.7082125544548035, ""Black"": 0.6085940003395081}"
190941,190740_10124428_1.jpg,"マリメッコ MARIMEKKO ランチョンマット プレイスマット KUKERO クケロ 069685 530 ダークブルー/ピンク/ライトグリーン 【scd】【hkc】 【関連ワード】マリメッコ MARIMEKKO ランチョンマット プレイスマット KUKERO クケロ 069685 530 ダークブルー/ピンク/ライトグリーン ブランド名マリメッコ MARIMEKKO商品名マリメッコ MARIMEKKO ランチョンマット プレイスマット KUKERO クケロ 069685 530 ダークブルー/ピンク/ライトグリーン原産国エストニア他比較対象価格ブランド公式サイト掲載価格または、ブランド直営店販売価格3,132円(税込)比較対象確認方法ブランド公式サイト・当店調べ比較対象価格確認日2020-08-01型番069685 530商品に関する注意点本製品は並行輸入品となります。比較対象商品との相違点正規販売店の発行する製品保証対象外です。広告文責本表の内容は当店責任において確認したものです。",Pink,"Blue, Green, Pink","{""Green"": 0.9609517455101013, ""Pink"": 0.8006919622421265, ""Blue"": 0.5660185217857361, ""Multiple Colors"": 0.37570643424987793, ""Black"": 0.3302551507949829}"
190942,273180_11173345_1.jpg,ゆうパケ送料無料 かんたんスマホ 705KCYモバイル ワイモバイル 705kcPCケース おしゃれ 人気 カワイイアクセサリー スマホケース カバー ハード ポリカーボネート [牛・動物(黒)/705kc-pc-ne180] ワイモバイル かんたんスマホ 705KC用ハードケース 705kc ワイモバイル Yモバイル かんたん スマホ ケース カバー PCケース スマホケース スマートフォンケース ハードケース 人気 おしゃれ かわいい デザイン 印刷 プリント □発送方法 配送について 配送についてはこちら □商品説明 機種名：ワイモバイル かんたんスマホ 705KC ケース色：クリア（透明） 素材：ポリカーボネート（PC) ※ケースのみの販売です。 □印刷 自社にて印刷を行い、発送いたします。 側面への印刷はありません。 仕様変更で柄の位置や色などが写真と変更になる場合があります。 種類・柄によっては側面部の印刷が薄くなる場合があります。 また、印刷のズレなども多少有る場合があります。 □素材（ケース） ベースのケースはクリアを使用しているので、印刷部以外はスマホ本体の色が反映されます。 ケースによっては成型時に出来る線が出る場合があります。 クリアの場合には表面にも成型時の線は出ます。 成型時に出来る線なので不良品ではありません。ご了承ください。 □注意事項 ケース（カバー）のみの販売となっており、液晶保護フィルム等は付属していません。 お客様による機種・柄等の間違えによる返品交換は出来ません。 お使いのモニターや機材によって色の反映が異なります。 また、商品撮影時の環境により実際の色と異なる場合があります。 商品の管理には十分注意しておりますが、細かなキズや指紋の付着等が有る場合があります。 本商品使用中の落下などによるスマートフォン本体・ケースの破損は自己責任でお願いします。 当社では一切責任賠償いたしません。 ※写真はイメージのため、ケースの形状が異なる場合があります。,Black,Black,"{""Black"": 0.999373733997345, ""Grey"": 0.09009299427270889, ""White"": 0.07477004081010818, ""Beige"": 0.07369627058506012, ""Multiple Colors"": 0.0384661927819252}"
190943,280608_10010002_1.jpg,しなやか総プリーツワンピース☆【大きいサイズ】レディース L 2L 3L 4L 5L 6L 着痩せ ゆったり 上品 シンプル ガーリー エレガント プリーツ ロング リゾート ブラック レッド グレー グリーン しなやか総プリーツワンピース☆【大きいサイズ】レディース L 2L 3L 4L 5L 6L 着痩せ ゆったり 上品 シンプル ガーリー エレガント プリーツ ロング リゾート ブラック レッド グレー グリーン,"Black, Red","Beige, Black, Blue, Brown, Burgundy, Green, Grey, Khaki, Navy, Red","{""Red"": 0.9732407331466675, ""Green"": 0.9407896995544434, ""Grey"": 0.9399133324623108, ""Black"": 0.7549149990081787, ""Khaki"": 0.6397360563278198}"
190944,295152_22471712_1.jpg,iphone7plus iphone 7 plus 7plus softbank ソフトバンク 手帳型 手帳タイプ フリップ ダイアリー 二つ折り 革 ギター　マイク　写真 012493 商品特徴 ・シームレスな全面デザイン（内側は落ち着いたオフホワイト） ・外側は高品質の人工革を使用 ・内側にはスマホを装着するケースが付属 ・機種専用のカメラホール仕様でケースを装着したままの撮影が可能 ・ワンセグや動画の視聴に便利な横置きスタンド機能 ・ICカードなどを2枚まで収納できるカードスロット付き ・マグネットフリップで開け閉めカンタン 注意事項 商品画像はサンプルイメージですので、ご覧の環境によっては多少色味に違いを感じる場合がございます。 イメージと違った、モニターと色味が異なるという理由での交換や返金はご対応出来かねます。 カバーのみの販売で本体は付属しません。 ケース装着のまま充電可能ですが、卓上ホルダでの充電は仕様上対象外となります。また、充電ケーブルの差し込み口の位置によっては外側カバーを開く必要があります。 こちらは無地のレザーにデザインをプリントした商品で、デコなどの加工はございません。 凹凸や光沢があるように見えたり布地や金属を素材にしたように見える商品もありますが、デザインの図版によるものです。 撮影時にカバーが映り込む恐れがあるため、カメラ用の穴は若干大きめに開けています。 カメラ穴の位置にわずかなズレが生じる場合がございます。 また印刷時に微妙な画像のズレが生じる場合がございます。 ご注文後に1点1点制作する受注生産品のため、不良品以外のご返品や交換は固くお断り致します。 機種の選択間違いも保証対象外となりますため、ご注文の際は必ず機種をご確認下さい。 発送について 完全受注生産のハンドメイド商品となりますので、既製品と比べて発送までお時間を頂いています。 基本的に決済確認後、通常で3営業日程度、最大で10営業日程度での発送となります。繁忙期や休業日明けの場合はさらに時間がかかる場合があります。 その際には別途メールにてご連絡致します。 メール便の場合、発送日から到着までに2−4日ほどかかる場合が多く、紛失などの保障もご対応できかねます。あらかじめご了承下さい。,Green,"Black, Green","{""Green"": 0.9532750844955444, ""Black"": 0.5851011276245117, ""Blue"": 0.4719533324241638, ""Yellow"": 0.20946967601776123, ""Khaki"": 0.14128141105175018}"
190945,269553_11332616_1.jpg,サンワサプライ　SANWA　SUPPLY KB-T5T-03BLN LANケーブル ブルー [3m /カテゴリー5e /スタンダード] 性能をフルに引き出せる、単線仕様の高品質エンハンスドカテゴリ5LANケーブル。サンワサプライKBT5T03BLN エンハンスドカテゴリ5単線LANケーブル機能項目ケーブル長さ3mコネクタ形状RJ-45スリムコネクタ付き（高性能アルタネート方式）ストレート・クロスストレート全結線,Blue,Blue,"{""Blue"": 0.9995121955871582, ""Transparent"": 0.10669060051441193, ""Multiple Colors"": 0.09670579433441162, ""Red"": 0.024423090741038322, ""Navy"": 0.020964240655303}"
190946,367970_10128591_1.jpg,2.6カラット 天然 アクアマリン ピアス レディース 合成ダイヤモンド イエローゴールド 加工 シルバー925 ブランド おしゃれ 水色 小粒 フープ レバーバック 華奢 細身 天然石 3月 誕生石 金属アレルギー対応 ブランドGem Stone King （ジェムストーンキング）商品名2.6カラット 天然 アクアマリン ピアス レディース 合成ダイヤモンド シルバー925 イエローゴールドコーティングジェムストーン0.25カラット 天然 スカイブルー アクアマリン (4mm x 4mm)ラウンドブリリアント カット0.1カラット 合成ダイヤモンド G - H (3mm x 3mm) 総カラット数2.6カラット (合計 14粒)金属の素材シルバー イエローゴールドコーティング 刻印入り金属アレルギーフリー ニッケルフリーセッティングプロング(爪留め) セッティング形状ぶら下がり ピアス留め具レバーバック付属品ジュエリーボックス・手さげバッグ品番MGZ-1640-RD-AQ-SBL-LQ1-YPSS3月の誕生石 アクアマリン透き通る海のような優しい水色のアクアマリンは、3月の誕生石です。その名の通り穏やかな海のような癒しを与える石といわれています。海のように穏やかな気持ちにしてくれることから、コミュニケーション能力を高め、幸福度を上げる力があるともいわれています。Gem Stone King（ジェムストーンキング）創業115年を超える、世界が認める「天然石の王」定番からトレンドまでおしゃれなデザインが世界的に人気のジュエリーブランド高品質の天然石をお求め安い価格で販売！海外「ニューヨーク」から直接お届けしております● 普段使いやご褒美に20代、30代、40代、50代と幅広い年代にぴったり似合う贅沢な高級感デイリーに、オフィス カジュアルに、お呼ばれなどのフォーマルにも使える、上品できれいめなデザイン● 大切な女性（妻、嫁、彼女）へのプレゼントに結婚・婚約、結婚記念日、誕生日プレゼント、夫婦の記念日にクリスマス、ホワイトデー、バレンタインデー、母の日のギフトに仲良しな女友達へのサプライズギフトに還暦のお祝い、成人・入学・卒業のお祝いの贈り物にもおすすめ● 幸運のお守りにパワーストーンとしても人気の宝石たちは、お守りとしても世界中で愛用されています＊ GemStoneKingの正規品、生涯保証でお修理も可＊ 金属アレルギーフリー ニッケルフリーで安心,Blue,"Blue, Yellow","{""Blue"": 0.8856314420700073, ""Yellow"": 0.5640984773635864, ""Orange"": 0.28616926074028015, ""White"": 0.09009299427270889, ""Transparent"": 0.039048291742801666}"
190947,219329_10059381_1.jpg,【中古】リサイクル 小紋着物 紬地染小紋 クリーム色 白花【リサイクル着物】【中古着物】【きもの屋小町】 ≪色・柄・状態について≫クリーニング済　リサイクル小紋着物です。◆状態ランク：AB（画像1）左衽の裾から43.5cmにシミがあります。※他にも同様の物が見られますが、柄に紛れる感じで気になるほどではありません。裏地が少しクリーム色がかり始めています。裏地に若干のダブりがあります。◆質感柔らかくしなやかな正絹地の小紋着物です。生地に織節や糸出のような物が見られますが、結び糸の織による風合いで難ではありません。◆色柄薄いペールオレンジ色地に白い花模様が染められています。柔らかい色合いで品があります。◆着用シーン名古屋帯と合わせて、お出かけ・着付けのお稽古・観劇・お食事会、同窓会やコンサートなどカジュアルシーン◆着用時期10月始めから5月末まで◆着用の目安※あくまでも目安です。体格による多少の個人差があります。ヒップ90cmくらいまで推奨身長145cmから155cmくらいまで※推奨身長以下の方でも着付けの工夫で着用可能です。◆ちょこっと直し 裄・・・肩幅1cm・袖巾1cm（計2cm）お出しできます（￥4000） 袖丈・・短くできます（￥3000） 身丈・・短くできます（￥12000） 身幅・・ご相談ください（￥8000）※お直し・加工ご希望の際は、ご注文時備考欄に希望詳細をご記入ください。後ほど、当店にて、金額訂正し、改めてメールをお送りいたします。※現状の仕立て方法・生地の質感・色柄により、お直し後、若干のスジ跡が残る可能性があります。実際に解いてみますと、表示寸法までお出しできない場合がございます。サイズ身丈：150cm　袖丈：52cm 裄 ：62.5cm（袖幅：32cm　肩幅：30.5cm） 前幅：24cm 　後幅：28cm 衿 ：広衿素材【表地】正絹【裏地】胴裏：正絹　八掛：正絹色【表地】地色：薄ペールオレンジ　　　　柄色：白【裏地】八掛：黄土色用途カジュアル着・ 社交着・おしゃれ着に 商品特徴●リサイクル着物●手縫い仕立●安心の「クリーニング済」●サイズ・ランク・寸法について詳しくはこちらをご確認ください●送料について　こちらをご確認ください●お手持ちのモ二ターのカラーバランスや　光の状態によっては　多少違ってみえる場合がございます。●リサイクル商品に関しまして　リサイクル着物専門店「きもの屋小町」では　なるべく状態の良い物、着用できる物ばかりを　ご紹介致しておりますが、何分　アンティーク・リサイクル着物でございます。　その点、ご理解の上お買い求めいただきますよう、　お願いいたします。,Orange,"White, Yellow","{""White"": 0.8587185740470886, ""Yellow"": 0.6352224349975586, ""Beige"": 0.449634313583374, ""Blue"": 0.4054487347602844, ""Multiple Colors"": 0.3363310694694519}"
190948,233092_10004290_1.jpg,【正規取扱店】【小銭差し込み式】フラットヘッド 財布 ウォレット≪THE FLAT HEAD STOCKBURG ストックバーグ フラットヘッド ヘリテージ シリーズ 手縫い 多脂革 ロングウォレット FH-WL004 ブラック/タン≫ロングウォレット メンズ 長財布 本革 ■商品説明 ■メーカー名：FLATHEAD フラットヘッド ■品名： FH-WL004 多脂革 ロングウォレット ■丸カン：シルバー925製リング ■素材：多脂革/牛革　※貼り合わせ無し ■カラー：ブラック/タン ■サイズ：本体／W:95mm H:195mm ■仕様： カードホルダーx5枚、差込小銭入れx1、大型ポケット(札入れ含む）x3 ■店長コメント 生産終了していた旧オリジナルモデルがヘリテージシリーズとして待望の復活！！クオリティーもアップし生まれ変わりました！！リボーンの証としてブランドロゴに「Heritage」の刻印が入ります！！ ■多脂革 通常のヌメ革は、ベジタブルタンニンのドラムで鞣した革ですが、フラットヘッドの多脂革は、ピット槽に浸け込んで鞣します。ヌメ革はピット槽に1か月間ほど浸け込んで仕上げていますが、フラットヘッドの多脂革は2か月以上の時間を掛け鞣したオリジナルの素材です。原皮の毛抜き作業から仕上げまで全て国内生産する多脂革は、ミモザから抽出されたタンニン層で約一か月間、さらにケブラチョから抽出されたタンニン層で一か月間浸けこみ、独自の方法で仕上げた素材です。何千枚とある原皮の中から最上級の革を選別し、職人が一枚一枚確認しながら仕上げた革は、使い込むほど艶の増す、多脂革でしか味わえない経年変化を楽しむことが出来ます。 ■手縫い 「手縫い」は一本の糸を2本の針で上へ下へ交互に通して縫製します。このことにより、糸がロックされほつれにくいという特徴があります。 革の種類により糸の太さやピッチを変え、全ての工具に独自の改良を加えることで、その素材に合った縫製が可能となり、ストックバーグ独自の製品が生まれます。 ■スライドマチ ストックバーグ独自の発想で生まれたスライドマチ。お札入れの革が3枚に分かれており、それぞれがスライドすることで開閉がしやすく、 厚みも抑えられ、力を逃がす形状になっている為、耐久性も高くなります。 ■シンクステッチ 独自の加工により銀面(革の表面)を傷つけることなく、糸を極限まで沈み込ませる方法を生み出し、沈ませた糸の隣を膨らませています。 革を膨らませると同時に縫製糸を沈み込ませることで、糸の擦れを極限まで減らす構造となっています。 ※装着例の画像のウォレットチェーンは付属致しません。 ■特典 ご希望の方に防水加工処理を無料にて行います。 ただし、効能は1週間程ですのでその後はご自身にて防水スプレー等にてご継続下さい。 ■注意点 ★革の表面にしみ、汚れ、傷が付きやすく、生前の傷、血筋があり、また顕著な色落ちが見られますが、これを本来の革の表情、性質の一環として捉え、出来る限り大切に使用しています。味わい深い革と接して頂くための注意点としてご理解下さい。 ★レビューがある場合は、旧オリジナルモデルについての記載になりますのでご参考頂ければ幸いです。 ■ラッピング　【楽ギフ_包装】贈り物用にラッピングいたします。色・柄は商品サイズにより変更があります。ギフトプレゼントにもぜひご利用ください。誕生日 誕生日プレゼント 就職 就職祝い 入学 入学祝い 昇進 昇進祝い 記念日 クリスマス バレンタイン 父の日 ■ギフト対応について,"Beige, Black","Beige, Black, Brown","{""Black"": 0.9752018451690674, ""Brown"": 0.7892336845397949, ""Beige"": 0.5879430770874023, ""Gold"": 0.4644157588481903, ""Red"": 0.43878522515296936}"
190949,215770_10028445_1.jpg,"ヴィヴィアン　ウエストウッド　ネクタイ(8.5cm幅)　VW181　【Vivienne Westwood・ヴィヴィアンネクタイ・ブランドネクタイ・ネクタイ ブランド】　ヴィヴィアンウエストウッド　ネクタイ　ネイビー/イエロー【送料無料】 【Vivienne Westwood】ヴィヴィアン　ウエストウッド　ネクタイ お買い得情報 ヴィヴィアン ネクタイを2本ご注文 の場合は下記ページよりご注文ください。 ヴィヴィアンウエストウッド ネクタイ 【お買い得2本セット】2本選んで16,800円 このぺージよりのご注文ではセット価格にはなりませんのでご注意願います。 商品詳細 商品名 【Vivienne Westwood】 ヴィヴィアン　ウエストウッド　ネクタイ 品番 VW181 カラー (ベース/デザイン) ネイビー/イエロー 素　材 シルク100％ サイズ　 幅8.5cm 原産国 イタリア(MADE IN ITALY) 付属品 ヴィヴィアンウエストウッド社製ケース ★お届け日のご案内★ お届け日指定なしの場合は、ご注文受付日より2営業日内で発送いたします。 ★ラッピング無料★ ラッピングをご希望の場合はヴィヴィアン ウエストウッド社製ケースに 入れてリボンを掛けてお届けします。 ヴィヴィアンウエストウッド Vivienne Westwood　 ◆関連商材◆ ヴィヴィアン 財布・小物 ヴィヴィアン マフラー","Blue, Green","Blue, Green, Navy, Yellow","{""Navy"": 0.9875683188438416, ""Yellow"": 0.8116759657859802, ""Blue"": 0.5803520083427429, ""Green"": 0.5674572587013245, ""Multiple Colors"": 0.36296918988227844}"
190950,317949_10802918_1.jpg,ミドルレンジボード 幅60cm 二口コンセント/スライドカウンター付き 日本製 ホワイト(白) 【完成品】【玄関渡し】【代引不可】 ■サイズ・色違い・関連商品■幅50cm 玄関渡し■幅50cm 開梱設置■幅60cm 玄関渡し■幅60cm 開梱設置■幅70cm 玄関渡し■幅70cm 開梱設置■幅80cm 玄関渡し■幅80cm 開梱設置関連商品の検索結果一覧はこちら■商品内容シンプルで使いやすい、ミドルサイズレンジボード【特長1】老舗家具メーカー「アイクラフト」製国内最大級の家具産地である「福岡県大川地区」の老舗家具メーカー「アイクラフト」が企画・製造した商品です。【特長2】余計な費用がかからない玄関渡し！玄関渡し価格！「開梱設置費用」を差し引いた価格にてお届けいたします。（「開梱設置」をご希望の場合は、商品名に「開梱設置」と記載した別商品ページよりお買い求めください。）■商品スペック商品名： 【CRYSTAL3】クリスタル3（クリスタルIII）60ミドルレンジ幅599×奥行400×高さ1291 mmOPスペース幅555×奥行330×高さ750mm材質／MDFスライドカウンター2口コンセント付OP部棚板可動日本製【ご注意事項】・本商品ページは「玄関渡し」による配送を前提としています。「開梱設置」をご希望の場合、開梱設置用の商品ページよりお買い求めください。・本商品は、北海道・沖縄・離島への配送はいたしかねます。あらかじめご了承ください。・九州から出荷するため、お届け先や配送業者の都合により出荷から到着までお時間がかかる場合がございます。・本商品は事前の到着日時指定はお受けしかねますが、原則として配送業者担当者から事前にお客様へ電話連絡をし、お届けスケジュールの調整をさせていただきます。・連絡が取れないと配送ができかねる場合がございます。配送先情報には日中ご連絡可能なお電話番号を入力してください。・ご購入前に商品梱包サイズが階段や廊下を通ることが可能かをご確認ください。・大型商品でございますので、追加送料が発生する場合がございます。下記に該当する場合には追加料金が発生する場合がございますので必ず事前にお問い合わせください。　‐戸建、マンション、ビル、アパートの2階以上を階段で運ぶ場合　‐エレベーターはあるが、商品が入らず階段で運ぶ場合　‐エレベーターや階段でも搬入できず、吊り上げでの搬入になる場合　-配送日にご不在でお届けができず、再配達する場合。　-配送日にお届けができず、再配達まで日が開く場合。■関連カテゴリ食器棚（しょっきだな） レンジ台（れんじだい） レンジボード キッチンボード ダイニングボード キャビネット キッチン収納 白 国産 カントリー モダン スリム 木製 組立不要 おしゃれ 奥行50cm以内 奥行40cm程度■送料・配送についての注意事項●本商品の出荷目安は【4 - 10営業日　※土日・祝除く】となります。●お取り寄せ商品のため、稀にご注文入れ違い等により欠品・遅延となる場合がございます。●本商品は同梱区分【TS2018】です。同梱区分が【TS2018】と記載されていない他商品と同時に購入された場合、梱包や配送が分かれます。●本商品は仕入元より配送となるため、北海道・沖縄・離島への配送はできません。,White,White,"{""White"": 0.9994471669197083, ""Beige"": 0.10818895697593689, ""Multiple Colors"": 0.05665242671966553, ""Black"": 0.031618766486644745, ""Brown"": 0.028007520362734795}"
190951,295152_22284486_1.jpg,ZenFone Go ZB551KL simfree SIMフリー 手帳型 スマホ カバー レザー ケース 手帳タイプ フリップ ダイアリー 二つ折り 革 ハロウィン　キャラクター　おばけ 009418 商品特徴 ・シームレスな全面デザイン（内側は落ち着いたオフホワイト） ・外側は高品質の人工革を使用 ・内側にはスマホを装着するケースが付属 ・機種専用のカメラホール仕様でケースを装着したままの撮影が可能 ・ワンセグや動画の視聴に便利な横置きスタンド機能 ・ICカードなどを2枚まで収納できるカードスロット付き ・マグネットフリップで開け閉めカンタン 注意事項 商品画像はサンプルイメージですので、ご覧の環境によっては多少色味に違いを感じる場合がございます。 イメージと違った、モニターと色味が異なるという理由での交換や返金はご対応出来かねます。 カバーのみの販売で本体は付属しません。 ケース装着のまま充電可能ですが、卓上ホルダでの充電は仕様上対象外となります。また、充電ケーブルの差し込み口の位置によっては外側カバーを開く必要があります。 こちらは無地のレザーにデザインをプリントした商品で、デコなどの加工はございません。 凹凸や光沢があるように見えたり布地や金属を素材にしたように見える商品もありますが、デザインの図版によるものです。 撮影時にカバーが映り込む恐れがあるため、カメラ用の穴は若干大きめに開けています。 カメラ穴の位置にわずかなズレが生じる場合がございます。 また印刷時に微妙な画像のズレが生じる場合がございます。 ご注文後に1点1点制作する受注生産品のため、不良品以外のご返品や交換は固くお断り致します。 機種の選択間違いも保証対象外となりますため、ご注文の際は必ず機種をご確認下さい。 発送について 完全受注生産のハンドメイド商品となりますので、既製品と比べて発送までお時間を頂いています。 基本的に決済確認後、通常で3営業日程度、最大で10営業日程度での発送となります。繁忙期や休業日明けの場合はさらに時間がかかる場合があります。 その際には別途メールにてご連絡致します。 メール便の場合、発送日から到着までに2−4日ほどかかる場合が多く、紛失などの保障もご対応できかねます。あらかじめご了承下さい。,Black,Orange,"{""Orange"": 0.7279754281044006, ""Multiple Colors"": 0.46295860409736633, ""Black"": 0.4532618522644043, ""Yellow"": 0.36931508779525757, ""Beige"": 0.35667070746421814}"
190952,217201_10027919_1.jpg,【新品】 Delinquent Bros （デリンクエントブロス）TATTOO CLUB 2TONE TEE タトゥークラブ2トーンTシャツ エンブレム WHITE×BLUE S 商品名 Delinquent Bros （デリンクエントブロス）TATTOO CLUB 2TONE TEE カラー ホワイト×ブルー 素材 コットン100% サイズ S (サイズ詳細は sizeをご参照 ください) 実寸サイズ 肩幅 約40cm・身幅 約48cm・着丈 約61.5cm・袖丈 約18cm ランク SS（新品） 備考 - ※実寸サイズは若干の誤差が出る場合がありますので、あ らかじめご了承ください。 ※商品は店頭でも販売しているものがありますので、楽天 で購入された時点に店頭で既に売れてしまっている場合があります。その際はご容赦 ください。また、通販でのみの販売の商品もあるため、直接店頭にて商品の確認 をご希望である場合は、お手数をおかけいたしますが、一度当店にご連絡くださいま せ。 20000円以上、もしくは2点以上ご購入いただいた際は、送料無料とさせてい ただきます(沖縄、離島は除く)。注文をいただいたのち、当店の方で送料を修正し、ご注文確認のメール をお送りいたします。 商品画像が照明・各モニター等の関係で実物と多少異なる場合がございます。予めご了承ください。 基本的に、土日は弊社の休業日です。 注文確認や質問への回答は月曜日から順次、対応していきます。,"Black, Blue","Blue, White","{""Blue"": 0.9896718263626099, ""White"": 0.9796676635742188, ""Multiple Colors"": 0.3106943964958191, ""Navy"": 0.11596072465181351, ""Red"": 0.07807816565036774}"
190953,202898_10089087_1.jpg,【エントリーで最大P9倍 9/15 23:59迄】イッタラ iittala ティーマ ティーミ プレート 15cm ディッシュ Teema Tiimi Dish 食器 皿 北欧 フィンランド シンプル 陶磁器 あす楽 None,"Black, Grey, White","Blue, Green, Grey, Multiple Colors, Pink, White, Yellow","{""Blue"": 0.9790357351303101, ""Pink"": 0.9504110217094421, ""White"": 0.8587185740470886, ""Green"": 0.6740504503250122, ""Yellow"": 0.6352224349975586}"
190954,322850_10056564_1.jpg,セルジオロッシ SERGIO ROSSI オープントゥ パンプス レディース イタリア製 スムースカーフ レザー 37(24cm相当) ブラック/ホワイト/ブルー【中古】 ■商品名セルジオロッシ SERGIO ROSSI オープントゥ パンプス レディース イタリア製 スムースカーフ レザー ブラック/ホワイト/ブルー サイズ37(24cm相当)■状態説明・上質なスムースカーフレザーを贅沢に使用し、10cmのアクセントカラーのハイヒールが魅力的なSERGIO ROSSIのオープントゥバックストラップパンプスです♪・イタリア製・多少の使用感は御座いますが、目立つような傷や汚れなどはなく良好な状態です！【付属品：箱、保存袋】■素材スムースカーフレザー■カラーブラック/ホワイト/ブルー■表記サイズ37(24cm相当)■実寸サイズヒール：約10cm幅：約7cmインソール全長：約24.5cm■状態ランクB 使用感はあるが傷や汚れの少ない良好な状態■店舗管理番号cj03ot-rm10b09670womens_blue 状態ランクについて サイズカイドはこちら このブランドの他の商品も見る このカテゴリーの他の商品も見る,Blue,"Black, Blue","{""Blue"": 0.8670357465744019, ""Black"": 0.8615382313728333, ""White"": 0.37387579679489136, ""Multiple Colors"": 0.19559408724308014, ""Silver"": 0.12592275440692902}"
190955,232394_10005777_1.jpg,Emmaculate　エマキュレイトクルーネックウールカーディガン[3164K-36471]【割30】 品番：3164K-36471 素材：ウール100％ サイズ：レディスワンサイズ（表記：M） カラー：グレー10、チャコール11、オリーブ31 身丈：57cm　身幅：44.5cm　裄丈：75cm お手入れ方法：ドライクリーニング * atenttion * モニターによっては実際のものと若干色味が異なる場合があります また、こちらの商品は実店舗と同時販売を行っておりますため、 ご注文いただきました場合でもすでに完売の場合がございます あらかじめご了承くださいますようお願いいたします【select-shop】 その他のEmmaculate(エマキュレイト) はこちらから＞＞ その他の TOPS （トップス） はこちらから＞＞,"Green, Grey","Black, Green, Grey, Khaki","{""Grey"": 0.9883127808570862, ""Green"": 0.9124361872673035, ""Khaki"": 0.7154240012168884, ""Black"": 0.6680145263671875, ""Blue"": 0.45834869146347046}"
190956,262942_10058487_1.jpg,下駄箱　靴箱　木製　シューズラック　2段 （ 送料無料 シューズボックス 玄関収納 靴 フラップ 収納 引き出し フック 高さ調節 扉付き スリム シューズ ）【39ショップ】 サイズ約 幅63×奥行30×高さ87（cm）内容量1台材質パイン材、桐材カラーブラウン、ナチュラル、ナチュラルホワイト備考商品区分下駄箱・シューズラックカテゴリから探す,"Brown, White","Beige, Brown, White","{""Brown"": 0.9987550973892212, ""White"": 0.8210441470146179, ""Beige"": 0.666279673576355, ""Orange"": 0.4177464544773102, ""Yellow"": 0.08035746961832047}"
190957,222208_10043852_1.jpg,玄関マット 業務用 サイズオーダー ブイステップマット7 135x165cm （ 送料無料 エントランスマット 屋外用 出入り口 風除室 室外 室外用 フチあり 縁 ） サイズ約 幅135×奥行165×高さ0.7（cm）重量：約1平方メートルあたり4.1kg内容量1枚材質ポリ塩化ビニルカラーグレー、グリーン、ブラウン生産国日本製備考防炎適合品商品区分サイズオーダー玄関マットカテゴリから探す,"Brown, Green, Grey","Black, Brown, Green, Grey, Khaki","{""Green"": 0.9995272159576416, ""Grey"": 0.8587185740470886, ""Brown"": 0.8019358515739441, ""Black"": 0.5789243578910828, ""Khaki"": 0.5029296278953552}"
190958,255501_10084944_1.jpg,やわらかバスブーツ 左右兼用 男女兼用 軽い None,White,White,"{""White"": 0.894789457321167, ""Silver"": 0.34775856137275696, ""Beige"": 0.33982762694358826, ""Blue"": 0.31573596596717834, ""Grey"": 0.31489261984825134}"
